institution_id,name,relation_type_hint
I000001, 시라카바(白樺),소속단체
I000002,(기독교)종교교육,발표매체
I000003,13인 구락부,소속단체
I000004,SPA양화연구소,소속단체
I000005,가나카와중학,학교
I000006,가두극장,소속단체
I000007,가와바타 미술학교,학교
I000008,가정잡지(1906),발표매체
I000009,가정잡지(1922),발표매체
I000010,가정지우,발표매체
I000011,가톨릭소년,발표매체
I000012,가톨릭연구,발표매체
I000013,가톨릭조선,발표매체
I000014,가톨릭청년,발표매체
I000015,감리회보,발표매체
I000016,강원도 이천,출생
I000017,강원도 철원,출생
I000018,강원도 홍천,출생
I000019,강진보통학교,학교
I000020,개벽,발표매체
I000021,개성,출생
I000022,개성공립상업학교,학교
I000023,개성공립제일보통학교,학교
I000024,개성무역상업학교,학교
I000025,개성부립박물관,직장
I000026,개성전수학교,학교
I000027,개성제일공립보통학교,학교
I000028,개조사,소속단체
I000029,건축조선,발표매체
I000030,게이오대학교,학교
I000031,게키죠산카,소속단체
I000032,경기도 개성,출생
I000033,경기도 건축대서사,소속단체
I000034,경기도 수원,출생
I000035,경기도 화성,출생
I000036,경남 거제,출생
I000037,경북 대구,출생
I000038,경북 선산,출생
I000039,경상남도,출생
I000040,경상북도,출생
I000041,경상북도 대구,출생
I000042,경성 미쓰코시 백화점,발표매체
I000043,경성고등공업학교,학교
I000044,경성공립고등보통학교,학교
I000045,경성방송국,직장
I000046,경성법학전문학교,학교
I000047,경성보육학교,직장
I000048,경성사범부속보통학교,학교
I000049,경성사범학교,학교
I000050,경성양정고등보통학교,학교
I000051,경성여자미술학교,직장
I000052,경성여자상업고등학교,직장
I000053,경성오성학교,학교
I000054,경성전수학교,학교
I000055,경성제1고등보통학교,학교
I000056,경성제2고등보통학교,학교
I000057,경성제국대학교,학교
I000058,경성중동학교,학교
I000059,경성중앙방송국,직장
I000060,경성중학교,직장
I000061,경성청년회,소속단체
I000062,경성촬영소,소속단체
I000063,경성회화학원,학교
I000064,경신고등보통학교,학교
I000065,경신중학교,학교
I000066,경향신문,직장
I000067,계동보통학교,학교
I000068,계림,발표매체
I000069,계명,발표매체
I000070,계명구락부,직장
I000071,계명시보,발표매체
I000072,계성학교,학교
I000073,고려미술회,소속단체
I000074,고려발명협회,소속단체
I000075,고려영화협회,소속단체
I000076,고성 금강고등학교,직장
I000077,고성 금강중학교,직장
I000078,고아,발표매체
I000079,고양,발표매체
I000080,공도,발표매체
I000081,공영,발표매체
I000082,공제,발표매체
I000083,공주공립보통학교,학교
I000084,과학조선,발표매체
I000085,광업조선,발표매체
I000086,광주공립고등보통학교,학교
I000087,광주공립보통학교,학교
I000088,광화,발표매체
I000089,교동보통학교,학교
I000090,교육춘추,발표매체
I000091,교토 관서미술원,학교
I000092,구인회,소속단체
I000093,국립극장,소속단체
I000094,국민문학,발표매체
I000095,국민총력조선연맹,소속단체
I000096,국우,발표매체
I000097,극단 불개미,소속단체
I000098,극단 전선,소속단체
I000099,극예술,발표매체
I000100,극예술연구회,소속단체
I000101,극예술원,소속단체
I000102,극예술협회,소속단체
I000103,극장 삼과,소속단체
I000104,근대생활,소속단체
I000105,근우,발표매체
I000106,근화,발표매체
I000107,금강산,발표매체
I000108,금지,발표매체
I000109,기쁜소식,발표매체
I000110,나가자,발표매체
I000111,나고야 아방가르드 클럽,소속단체
I000112,나고야·포트아방가르드,소속단체
I000113,나운규프로덕션,소속단체
I000114,난파트리오,소속단체
I000115,남조선 조소문화협회,소속단체
I000116,남조선민전,소속단체
I000117,낭만사,직장
I000118,녀자지남,발표매체
I000119,농민(1930),발표매체
I000120,농민생활,발표매체
I000121,농업과원예,발표매체
I000122,농업세게,발표매체
I000123,농업조선,발표매체
I000124,농촌,발표매체
I000125,농촌문헌,발표매체
I000126,농촌월보,발표매체
I000127,니혼대학,학교
I000128,다방 69,직장
I000129,다방 무기,직장
I000130,다방 제비,직장
I000131,단층,발표매체
I000132,대구사립교남학원고등학교,학교
I000133,대도,발표매체
I000134,대동아,발표매체
I000135,대조,발표매체
I000136,대중,발표매체
I000137,대중공론,발표매체
I000138,대중시보,발표매체
I000139,대중의학,발표매체
I000140,대중일기,발표매체
I000141,대평양,발표매체
I000142,대한민국미술전람회,발표매체
I000143,대한영화사,직장
I000144,대한영화협회,직장
I000145,대한자강회월보,발표매체
I000146,대한학회월보,발표매체
I000147,도시샤대학교,학교
I000148,도요야마중학교,학교
I000149,도쿄 니시키시로중학교,학교
I000150,도쿄 세이소쿠 영어학교,학교
I000151,도쿄 세이조 중학교,학교
I000152,도쿄 아오야마 학원,학교
I000153,도쿄 조치대학,학교
I000154,도쿄 혼고,출생
I000155,도쿄 혼고 양화연구소,소속단체
I000156,도쿄고등음악학원(구니다치음악대학),학교
I000157,도쿄대학교,학교
I000158,도쿄미술학교,학교
I000159,도쿄신교향악단(nhk교향악당),소속단체
I000160,도쿄여자미술전문학교,학교
I000161,도쿄외국어학교,학교
I000162,도쿄음악학교,학교
I000163,도쿄일일신문,직장
I000164,도호쿠 대학,학교
I000165,도화교실,학교
I000166,독립,발표매체
I000167,독립미술가협회,소속단체
I000168,독립미술협회,소속단체
I000169,동경일진영어학교,학교
I000170,동경학생예술좌,소속단체
I000171,동광,발표매체
I000172,동광총서,발표매체
I000173,동광학교,학교
I000174,동구여자상업학교,학교
I000175,동국대학교,직장
I000176,동래공립고등보통학교,학교
I000177,동령,발표매체
I000178,동명,발표매체
I000179,동명사,직장
I000180,동미회,소속단체
I000181,동방평론,발표매체
I000182,동북경제,발표매체
I000183,동서의학보,발표매체
I000184,동성,발표매체
I000185,동아일보,직장
I000186,동양극장,소속단체
I000187,동양음악학교,직장
I000188,동양평론,발표매체
I000189,동인지 창작,발표매체
I000190,동인지 탐구,발표매체
I000191,동인학보,발표매체
I000192,동화,발표매체
I000193,되는대로,발표매체
I000194,등대(1926),발표매체
I000195,등대(1929),발표매체
I000196,룡쳔검,발표매체
I000197,릿교대학,학교
I000198,릿교중학교,학교
I000199,마보(MAVO),소속단체
I000200,만국부인,발표매체
I000201,만주 광명고등여학교,직장
I000202,만주 광명중학교,직장
I000203,만주 동흥중학교,직장
I000204,만주 명동중학교,학교
I000205,만주 아방·가르드 예술가클럽,소속단체
I000206,만화만문,발표매체
I000207,매동소학교,학교
I000208,매일신보,발표매체
I000209,맥,발표매체
I000210,맥사,직장
I000211,메가폰,소속단체
I000212,메이지학원,학교
I000213,면려회보,발표매체
I000214,모던조선,발표매체
I000215,목마,발표매체
I000216,목일회,소속단체
I000217,무대,발표매체
I000218,무산자,발표매체
I000219,무용연구소,소속단체
I000220,문명,발표매체
I000221,문산당,발표매체
I000222,문예공론,발표매체
I000223,문예광,발표매체
I000224,문예동아리 휘문,소속단체
I000225,문예시대,발표매체
I000226,문예운동,발표매체
I000227,문예월간,발표매체
I000228,문장,발표매체
I000229,문학(1932),발표매체
I000230,문학(1934),발표매체
I000231,문학(1936),발표매체
I000232,문학가동맹,소속단체
I000233,문학건설,발표매체
I000234,문학예술총동맹 ,소속단체
I000235,문학창조,발표매체
I000236,문화건설중앙협의회,소속단체
I000237,문화시보,직장
I000238,문화시사,발표매체
I000239,미국 건 음악학교,학교
I000240,미국 시카고 무디성경학교,학교
I000241,미국 신시내티교향악단,직장
I000242,미국 신시내티음악원,학교
I000243,미국 템플대학 음악대학,학교
I000244,미술문화협회,소속단체
I000245,미즈에,발표매체
I000246,민주일보,직장
I000247,민주주의 민족전선,직장
I000248,바라크 장식사,소속단체
I000249,박길룡건축사무소,직장
I000250,박문,발표매체
I000251,반도の광,발표매체
I000252,반도산업,발표매체
I000253,반도시론,발표매체
I000254,반도의 빛,발표매체
I000255,발명학회,소속단체
I000256,방송지우,발표매체
I000257,배달공론,발표매체
I000258,배재고등보통학교,학교
I000259,백광,발표매체
I000260,백남프로덕션,소속단체
I000261,백두산,발표매체
I000262,백만양화회,소속단체
I000263,백만회,소속단체
I000264,백악,발표매체
I000265,백우회,소속단체
I000266,백웅,발표매체
I000267,백조,발표매체
I000268,백파,발표매체
I000269,별건곤,발표매체
I000270,별나라,발표매체
I000271,보건운동,발표매체
I000272,보성,발표매체
I000273,보성고등보통학교,학교
I000274,보흥학교,학교
I000275,복음운동,발표매체
I000276,부녀세계,발표매체
I000277,부녀지광,발표매체
I000278,부인,발표매체
I000279,부인공론,발표매체
I000280,북선일일,직장
I000281,북성,발표매체
I000282,북조선문학예술총동맹,소속단체
I000283,북지황군위문단,소속단체
I000284,북한 국립미술제작소,소속단체
I000285,북한 최고인민회,소속단체
I000286,분투,발표매체
I000287,불교,발표매체
I000288,불교진흥회월보,발표매체
I000289,불일,발표매체
I000290,불청운동,발표매체
I000291,붉은져고리,발표매체
I000292,비판,발표매체
I000293,사명,발표매체
I000294,사조,발표매체
I000295,사진협회,소속단체
I000296,사해공론,발표매체
I000297,삭성회,소속단체
I000298,산문,발표매체
I000299,산업,발표매체
I000300,산업계,발표매체
I000301,삼과회,소속단체
I000302,삼광,발표매체
I000303,삼문사,직장
I000304,삼사문학,발표매체
I000305,삼천리,발표매체
I000306,삼천리문학,발표매체
I000307,상공세계,발표매체
I000308,상공월보,발표매체
I000309,상업계,발표매체
I000310,상하이 호강대학,학교
I000311,새벗,발표매체
I000312,새별,발표매체
I000313,새사람,발표매체
I000314,색동회,소속단체
I000315,생리사,직장
I000316,생의 성,발표매체
I000317,생장,발표매체
I000318,서광,발표매체
I000319,서북학회월보,발표매체
I000320,서우,발표매체
I000321,서울,발표매체
I000322,서울 동대문,출생
I000323,서울 종로,출생
I000324,서울 중동중학교,학교
I000325,서울대학교,직장
I000326,서울신문사,직장
I000327,서울지검 보도연맹 ,소속단체
I000328,서화미술회,학교
I000329,서화협회,소속단체
I000330,서화협회전,발표매체
I000331,선린중학교,학교
I000332,선민,발표매체
I000333,선원,발표매체
I000334,성균관대학교,직장
I000335,성서조선,발표매체
I000336,성화,발표매체
I000337,세계어학회,소속단체
I000338,세광,발표매체
I000339,세텬사의 긔별,발표매체
I000340,소녀계,발표매체
I000341,소년,발표매체
I000342,소년(1937),발표매체
I000343,소년계,발표매체
I000344,소년세계,발표매체
I000345,소년시대,발표매체
I000346,소년중앙,발표매체
I000347,소년한반도,발표매체
I000348,소르본 대학,학교
I000349,수원,출생
I000350,수원 삼일여학교,학교
I000351,순문예,발표매체
I000352,습작시대,발표매체
I000353,시건설,발표매체
I000354,시건설사,직장
I000355,시대공론,발표매체
I000356,시대상,발표매체
I000357,시대일보,직장
I000358,시림,발표매체
I000359,시문학,발표매체
I000360,시사평론,발표매체
I000361,시성,발표매체
I000362,시와 시론,발표매체
I000363,시원,발표매체
I000364,시인부락,발표매체
I000365,시인부락사,직장
I000366,시인춘추사,직장
I000367,시장미술사,소속단체
I000368,시조,발표매체
I000369,시종,발표매체
I000370,시천교월보,발표매체
I000371,시촌,발표매체
I000372,시카고 셔우드 음악학교(SHERWOOD),학교
I000373,시학,발표매체
I000374,시학사,직장
I000375,신가정,발표매체
I000376,신간회,소속단체
I000377,신건설,발표매체
I000378,신계단,발표매체
I000379,신광,발표매체
I000380,신동아,발표매체
I000381,신만몽,발표매체
I000382,신명보통학교,학교
I000383,신문계,발표매체
I000384,신문세계,발표매체
I000385,신민,발표매체
I000386,신민공론,발표매체
I000387,신사조,소속단체
I000388,신사회(1925),발표매체
I000389,신사회(1926),발표매체
I000390,신상주,발표매체
I000391,신생,발표매체
I000392,신생명(1923),발표매체
I000393,신생명(1935),발표매체
I000394,신생활,발표매체
I000395,신세계,발표매체
I000396,신세기,발표매체
I000397,신소년,발표매체
I000398,신시단,발표매체
I000399,신시대,발표매체
I000400,신시대(1929),발표매체
I000401,신시대(1936),발표매체
I000402,신시대(1941),발표매체
I000403,신아동,발표매체
I000404,신앙세계,발표매체
I000405,신여성,발표매체
I000406,신여자,발표매체
I000407,신인간,발표매체
I000408,신인문학,발표매체
I000409,신조,소속단체
I000410,신조선(1927,발표매체
I000411,신조선(1927),발표매체
I000412,신조선(1931),발표매체
I000413,신지식,발표매체
I000414,신진소년,발표매체
I000415,신천지,발표매체
I000416,신취미,발표매체
I000417,신통,발표매체
I000418,신학세계,발표매체
I000419,신학지남,발표매체
I000420,신한청년,발표매체
I000421,신회화예술협회,소속단체
I000422,신흥,발표매체
I000423,신흥영화,발표매체
I000424,신흥예술,발표매체
I000425,신흥예술파구락부,소속단체
I000426,신흥조선,발표매체
I000427,신흥학교,학교
I000428,실생활,발표매체
I000429,실업지조선,발표매체
I000430,실화,발표매체
I000431,십자군,발표매체
I000432,아,발표매체
I000433,아동문예,발표매체
I000434,아등(우리들),발표매체
I000435,아방·가르드 예술가클럽,소속단체
I000436,아방가르드,소속단체
I000437,아방가르드 양화연구소,소속단체
I000438,아방가르드 조영집단,소속단체
I000439,아사,직장
I000440,아성,발표매체
I000441,아오야마초등학교,학교
I000442,아이동무,발표매체
I000443,아이들보이,발표매체
I000444,아희생활(아이생활),발표매체
I000445,안성,출생
I000446,안좌공립보통학교,학교
I000447,애중,발표매체
I000448,액션,소속단체
I000449,야담,발표매체
I000450,야뢰,발표매체
I000451,어린이,발표매체
I000452,어린이신문,직장
I000453,업,발표매체
I000454,에콜·드·도쿄,소속단체
I000455,여성,발표매체
I000456,여성조선,발표매체
I000457,여성지우,발표매체
I000458,여시,발표매체
I000459,여인,발표매체
I000460,여자계,발표매체
I000461,여자미술학사,직장
I000462,여자시론,발표매체
I000463,여자야학교,직장
I000464,여주공립보통학교,직장
I000465,연극운동,소속단체
I000466,연악회,소속단체
I000467,연희전문학교,학교
I000468,열음지이,발표매체
I000469,염군사,소속단체
I000470,영과회,소속단체
I000471,영대,소속단체
I000472,영데이( The Young Day),발표매체
I000473,영화감독구락부,소속단체
I000474,영화보,발표매체
I000475,영화시대,발표매체
I000476,영화연구회,소속단체
I000477,영화연극,발표매체
I000478,영화조선,발표매체
I000479,예술,발표매체
I000480,예술시장,소속단체
I000481,예술협회,소속단체
I000482,오과회,소속단체
I000483,오산고등보통학교,학교
I000484,오산학교,학교
I000485,옥천공립보통학교,학교
I000486,와세다 대학,학교
I000487,용인,출생
I000488,우리의 가뎡,발표매체
I000489,우리집,발표매체
I000490,웅계,발표매체
I000491,웅계사,직장
I000492,원고시대,발표매체
I000493,원산 독서인구락부,소속단체
I000494,원산기자구락부,소속단체
I000495,원산시론,발표매체
I000496,원산청년회,소속단체
I000497,원예지우,발표매체
I000498,월간 매신,발표매체
I000499,월간 야담,발표매체
I000500,월간매신,발표매체
I000501,월간야담,발표매체
I000502,월미,발표매체
I000503,유년,발표매체
I000504,유도,발표매체
I000505,유심,발표매체
I000506,을유문화사,직장
I000507,음악계,발표매체
I000508,음樂과 시,발표매체
I000509,이과회,발표매체
I000510,이러타,발표매체
I000511,이문당,발표매체
I000512,이시이 바쿠 무용 발표회,발표매체
I000513,이시이무용단,소속단체
I000514,이천공립보통학교,학교
I000515,이화보육학교,직장
I000516,이화여자전문학교,직장
I000517,인문지리학회,소속단체
I000518,인문평론,발표매체
I000519,인천,출생
I000520,인천상업학교,학교
I000521,일본 빅타축음기주식회사 경성지점,소속단체
I000522,일본국민,발표매체
I000523,일월시보,발표매체
I000524,임명보통학교,학교
I000525,자선부인회잡지,발표매체
I000526,자오선,발표매체
I000527,자오선사,직장
I000528,자활,발표매체
I000529,작품(1938),발표매체
I000530,작품(1939),발표매체
I000531,잘씨,발표매체
I000532,잡지 가면,발표매체
I000533,잡지 극예술,발표매체
I000534,잡지 문학,발표매체
I000535,잡지 아,발표매체
I000536,잡지 음악,발표매체
I000537,잡지 학생,발표매체
I000538,잡지 해외문학,발표매체
I000539,장미,발표매체
I000540,장미촌,발표매체
I000541,장산,발표매체
I000542,장학보,발표매체
I000543,장한,발표매체
I000544,재건 남조선미술동맹,소속단체
I000545,재동경미술학생협회,소속단체
I000546,재일본동경조선유학생학우회,소속단체
I000547,전국문화단체총연합회,소속단체
I000548,전기,발표매체
I000549,전남 강진,출생
I000550,전남 광산,출생
I000551,전남 신안,출생
I000552,전남평론,발표매체
I000553,전라남도,출생
I000554,전라북도,출생
I000555,전북고창고등보통학교,학교
I000556,전선,발표매체
I000557,전위사진협회,소속단체
I000558,전위시대,소속단체
I000559,전조선기자대회,소속단체
I000560,전조선문필가협회,소속단체
I000561,절제생활,발표매체
I000562,정신여자고등학교,직장
I000563,정신여자중학교,직장
I000564,정음,발표매체
I000565,정진,발표매체
I000566,제3형이동맹,소속단체
I000567,제국미술원전람회,발표매체
I000568,제국미술학교,직장
I000569,조광,발표매체
I000570,조선(조선문),발표매체
I000571,조선강단,발표매체
I000572,조선건축회,소속단체
I000573,조선과 건축,발표매체
I000574,조선극장,소속단체
I000575,조선노동공제회,발표매체
I000576,조선농민,발표매체
I000577,조선농민(1936),발표매체
I000578,조선농인,발표매체
I000579,조선만미술가구락부,소속단체
I000580,조선문단,발표매체
I000581,조선문단 (속간),발표매체
I000582,조선문예(1917),발표매체
I000583,조선문예(1929),발표매체
I000584,조선문인보국회,소속단체
I000585,조선문인협회,소속단체
I000586,조선문학,발표매체
I000587,조선문학가동맹,소속단체
I000588,조선문학건설본부,소속단체
I000589,조선물산장려회보,발표매체
I000590,조선미술가협회 ,소속단체
I000591,조선미술건설본부,소속단체
I000592,조선미술동맹,소속단체
I000593,조선미술전람회,발표매체
I000594,조선민속,발표매체
I000595,조선불교계,발표매체
I000596,조선불교월보,발표매체
I000597,조선불교총보,발표매체
I000598,조선성공회보,발표매체
I000599,조선수리조합회,소속단체
I000600,조선시단,발표매체
I000601,조선신미술가협회,소속단체
I000602,조선어문학회보(조선어문),발표매체
I000603,조선연극문화협회,소속단체
I000604,조선연극협회,소속단체
I000605,조선영화,발표매체
I000606,조선영화인협회,소속단체
I000607,조선영화제작주식회사,소속단체
I000608,조선영화주식회사,소속단체
I000609,조선음악가협회,소속단체
I000610,조선음악협회,소속단체
I000611,조선일보,직장
I000612,조선정악전습소,학교
I000613,조선조형동맹,소속단체
I000614,조선종교공론,발표매체
I000615,조선주택영단,소속단체
I000616,조선중앙일보,직장
I000617,조선지광,발표매체
I000618,조선체육계,발표매체
I000619,조선총독부,직장
I000620,조선키네마주식회사,소속단체
I000621,조음,발표매체
I000622,조형미술연구소,소속단체
I000623,종교시보,발표매체
I000624,종로고등보통학교,학교
I000625,주일학교연구,발표매체
I000626,주일학교잡지,발표매체
I000627,주정파미술회,소속단체
I000628,중명,발표매체
I000629,중성,발표매체
I000630,중앙,발표매체
I000631,중앙고등보통학교,학교
I000632,중앙기독교청년회,학교
I000633,중앙보육학교,직장
I000634,중앙일보,직장
I000635,중외일보,직장
I000636,지기금지,발표매체
I000637,진단학보,발표매체
I000638,진명여자보통고등학교,학교
I000639,진생,발표매체
I000640,집단,발표매체
I000641,쩌날리즘,발표매체
I000642,창공,발표매체
I000643,창광회,소속단체
I000644,창문사,직장
I000645,창조,소속단체
I000646,천국복음,발표매체
I000647,천도교회월보,발표매체
I000648,철원 사립봉명학교,학교
I000649,철원 읍내 간이농업학교,학교
I000650,철필,발표매체
I000651,청년,발표매체
I000652,청년조선,발표매체
I000653,청복극장,소속단체
I000654,청색지,발표매체
I000655,청전화숙,소속단체
I000656,청춘,발표매체
I000657,청춘좌,소속단체
I000658,초원,발표매체
I000659,최승희무용연구소,소속단체
I000660,추상·창조,소속단체
I000661,축지소극장,소속단체
I000662,춘추,발표매체
I000663,춘추극장,소속단체
I000664,출발,발표매체
I000665,충남 공주,출생
I000666,충북 옥천,출생
I000667,충청남도,출생
I000668,충청북도,출생
I000669,취산보림,발표매체
I000670,카톨릭청년,발표매체
I000671,카페 쓰루,직장
I000672,카프,소속단체
I000673,컬럼비아대학교,학교
I000674,콜럼비아레코드사,직장
I000675,키네마준보,소속단체
I000676,탐구,발표매체
I000677,태서문예신보,발표매체
I000678,태양,발표매체
I000679,태양극단,소속단체
I000680,태양신문,직장
I000681,태평양미술학교,학교
I000682,태평양화회연구소,소속단체
I000683,토월회,소속단체
I000684,통영보통학교,학교
I000685,파리도쿄신흥미술전람회,발표매체
I000686,파스큘라,소속단체
I000687,평범,발표매체
I000688,평북 곽산,출생
I000689,평북 정주,출생
I000690,평안남도,출생
I000691,평안북도,출생
I000692,평양,출생
I000693,평양 숭덕소학교,학교
I000694,평양 숭실중학교,학교
I000695,평양 숭실학교 대학부,학교
I000696,평양고등보통학교,학교
I000697,평양남도,출생
I000698,평양보통학교,학교
I000699,평양북도의주양실학원,학교
I000700,평양양화협회,소속단체
I000701,평양중동학교,학교
I000702,폐허,발표매체
I000703,폐허이후,발표매체
I000704,표준어사정위원회,소속단체
I000705,풍림,발표매체
I000706,학등,발표매체
I000707,학생,발표매체
I000708,학생계,발표매체
I000709,학우구樂부,발표매체
I000710,학지광,발표매체
I000711,학창,발표매체
I000712,한글,발표매체
I000713,한빛,발표매체
I000714,한성법어학교,학교
I000715,한성일보,발표매체
I000716,한청,발표매체
I000717,함경남도,출생
I000718,함경남도 함흥,출생
I000719,함경북도,출생
I000720,함경북도 배기미,학교
I000721,함경북도 학성,출생
I000722,함남공립중학교,학교
I000723,함북 경성공립고등학교,학교
I000724,함흥 영생고등보통학교,직장
I000725,해방운동,소속단체
I000726,해외 초현실주의 작품전,발표매체
I000727,해외문학,발표매체
I000728,해외문학파,소속단체
I000729,해주공립보통학교,학교
I000730,해주공립중학교,학교
I000731,향토회,소속단체
I000732,현대가정공론,발표매체
I000733,현대극장,소속단체
I000734,현대녀성,발표매체
I000735,현대부인,발표매체
I000736,현대일보,소속단체
I000737,현대평론,발표매체
I000738,형상,발표매체
I000739,혜성(제일선),발표매체
I000740,혜화전문학교,직장
I000741,호남평론,발표매체
I000742,호세이 대학,학교
I000743,호외,발표매체
I000744,혼고회화연구소,소속단체
I000745,혼슈 야마구치현,출생
I000746,홍법우,발표매체
I000747,홍원보통학교,학교
I000748,홍익대학교,직장
I000749,화요보,발표매체
I000750,활부녀,발표매체
I000751,활천,발표매체
I000752,황군위문작가단,소속단체
I000753,황해남도 해주,출생
I000754,황해도,출생
I000755,회광,발표매체
I000756,회령,출생
I000757,회령보통학교,학교
I000758,효종,발표매체
I000759,후장대학,학교
I000760,휘문고등보통학교,학교
I000761,휘문중학교,학교
I000762,흥사단,소속단체
I000763,金강,발표매체
I000764,金성(1923),발표매체
I000765,金성(1937),발표매체
I000766,樂원(1933),발표매체
I000767,樂원(1936),발표매체
I000768,洛동친목학회학보,발표매체
I000769,勞동운동,발표매체
I000770,綠성,발표매체
I000771,復활운동,발표매체
I000772,靈계,발표매체
I000773,靈대,발표매체
I000774,靈우,발표매체
I000775,療양촌,발표매체
