sourceRow,name,source_job,source_nationality,tier
데이터수정!1328,고영환,학자,,name-only
데이터수정!1679,공진항,,한국,name+nationality
데이터수정!1680,공진항,,한국,name+nationality
데이터수정!1681,공진항,,한국,name+nationality
데이터수정!1683,공진항,,한국,name+nationality
데이터수정!1684,공진항,,한국,name+nationality
데이터수정!1685,공진항,,한국,name+nationality
데이터수정!1686,공진항,,한국,name+nationality
데이터수정!3497,김경재,,한국,name+nationality
데이터수정!3559,김계현,,한국,name+nationality
데이터수정!3945,김교경,,한국,name+nationality
데이터수정!4551,김기진외,,한국,name+nationality
데이터수정!6075,김매산,연극인,한국,name+nationality
데이터수정!6359,김문식,문인,한국,name+nationality
데이터수정!6360,김문식,문인,한국,name+nationality
데이터수정!6361,김문식,문인,한국,name+nationality
데이터수정!6362,김문식,문인,한국,name+nationality
데이터수정!6806,김봉국,,한국,name+nationality
데이터수정!6807,김봉국,,한국,name+nationality
데이터수정!7295,김성마,,한국,name+nationality
데이터수정!7470,김소저,,한국,name+nationality
데이터수정!9740,김윤석,,한국,name+nationality
데이터수정!9780,김은상,,한국,name+nationality
데이터수정!10166,김재준,,한국,name+nationality
데이터수정!10582,김준황,,한국,name+nationality
데이터수정!11310,김태성,,한국,name+nationality
데이터수정!12032,김호직,,한국,name+nationality
데이터수정!12294,김흥교,미술가,한국,name+nationality
데이터수정!12343,나경석,,한국,name+nationality
데이터수정!12345,나경석,,한국,name+nationality
데이터수정!12719,남정철,,한국,name+nationality
데이터수정!12720,남정철,,한국,name+nationality
데이터수정!12721,남정철,,한국,name+nationality
데이터수정!15054,문학준,,한국,name+nationality
데이터수정!15733,박길래,,한국,name+nationality
데이터수정!15734,박길래,,한국,name+nationality
데이터수정!16669,박승호,,한국,name+nationality
데이터수정!16670,박승호,,한국,name+nationality
데이터수정!19589,백중빈,,한국,name+nationality
데이터수정!19590,백중빈,,한국,name+nationality
데이터수정!19802,백화랑,,한국,name+nationality
데이터수정!21145,상규,,한국,name+nationality
데이터수정!21174,상묵,,한국,name+nationality
데이터수정!21175,상묵,,한국,name+nationality
데이터수정!22274,석산인,,한국,name+nationality
데이터수정!22999,세웅,,한국,name+nationality
데이터수정!23000,세웅,,한국,name+nationality
데이터수정!23004,세웅,,한국,name+nationality
데이터수정!23218,손득명,,한국,name+nationality
데이터수정!23229,손세종,,한국,name+nationality
데이터수정!23230,손세종,,한국,name+nationality
데이터수정!23510,송석찬,,한국,name+nationality
데이터수정!24132,순탁,,한국,name+nationality
데이터수정!24133,순탁,,한국,name+nationality
데이터수정!24134,순탁,,한국,name+nationality
데이터수정!24135,순탁,,한국,name+nationality
데이터수정!24136,순탁,,한국,name+nationality
데이터수정!25472,악예,,한국,name+nationality
데이터수정!25473,악예,,한국,name+nationality
데이터수정!25474,악예,,한국,name+nationality
데이터수정!25475,악예,,한국,name+nationality
데이터수정!28608,온,,한국,name+nationality
데이터수정!28720,외,문인,한국,name+nationality
데이터수정!28721,외,문인,한국,name+nationality
데이터수정!28723,외,문인,한국,name+nationality
데이터수정!28724,외,문인,한국,name+nationality
데이터수정!28751,외,문인,한국,name+nationality
데이터수정!28752,외,문인,한국,name+nationality
데이터수정!28753,외,문인,한국,name+nationality
데이터수정!28754,외,문인,한국,name+nationality
데이터수정!28755,외,문인,한국,name+nationality
데이터수정!28756,외,문인,한국,name+nationality
데이터수정!28757,외,문인,한국,name+nationality
데이터수정!28758,외,문인,한국,name+nationality
데이터수정!28759,외,문인,한국,name+nationality
데이터수정!28760,외,문인,한국,name+nationality
데이터수정!28761,외,문인,한국,name+nationality
데이터수정!28762,외,문인,한국,name+nationality
데이터수정!28763,외,문인,한국,name+nationality
데이터수정!28764,외,문인,한국,name+nationality
데이터수정!28765,외,문인,한국,name+nationality
데이터수정!28766,외,문인,한국,name+nationality
데이터수정!28770,외,문인,한국,name+nationality
데이터수정!28772,외,문인,한국,name+nationality
데이터수정!28776,외,문인,한국,name+nationality
데이터수정!28795,외,문인,한국,name+nationality
데이터수정!28796,외,문인,한국,name+nationality
데이터수정!28797,외,문인,한국,name+nationality
데이터수정!28798,외,문인,한국,name+nationality
데이터수정!28799,외,문인,한국,name+nationality
데이터수정!28800,외,문인,한국,name+nationality
데이터수정!28801,외,문인,한국,name+nationality
데이터수정!28802,외,문인,한국,name+nationality
데이터수정!28803,외,문인,한국,name+nationality
데이터수정!28804,외,문인,한국,name+nationality
데이터수정!28805,외,문인,한국,name+nationality
데이터수정!28808,외,문인,한국,name+nationality
데이터수정!28809,외,문인,한국,name+nationality
데이터수정!28810,외,문인,한국,name+nationality
데이터수정!28814,외,문인,한국,name+nationality
데이터수정!29649,위상학,미술가,한국,name+nationality
데이터수정!29994,유치진,연극인,한국,name+nationality
데이터수정!29995,유치진,연극인,한국,name+nationality
데이터수정!29996,유치진,연극인,한국,name+nationality
데이터수정!29997,유치진,연극인,한국,name+nationality
데이터수정!29998,유치진,연극인,한국,name+nationality
데이터수정!30005,유치진,연극인,한국,name+nationality
데이터수정!30006,유치진,연극인,한국,name+nationality
데이터수정!30038,유치진,연극인,한국,name+nationality
데이터수정!30042,유치진,연극인,한국,name+nationality
데이터수정!30043,유치진,연극인,한국,name+nationality
데이터수정!30044,유치진,연극인,한국,name+nationality
데이터수정!30045,유치진,연극인,한국,name+nationality
데이터수정!30046,유치진,연극인,한국,name+nationality
데이터수정!30047,유치진,연극인,한국,name+nationality
데이터수정!30048,유치진,연극인,한국,name+nationality
데이터수정!30049,유치진,연극인,한국,name+nationality
데이터수정!30051,유치진,연극인,한국,name+nationality
데이터수정!30052,유치진,연극인,한국,name+nationality
데이터수정!30053,유치진,연극인,한국,name+nationality
데이터수정!30054,유치진,연극인,한국,name+nationality
데이터수정!30055,유치진,연극인,한국,name+nationality
데이터수정!30056,유치진,연극인,한국,name+nationality
데이터수정!30057,유치진,연극인,한국,name+nationality
데이터수정!30058,유치진,연극인,한국,name+nationality
데이터수정!30059,유치진,연극인,한국,name+nationality
데이터수정!30060,유치진,연극인,한국,name+nationality
데이터수정!30063,유치진,연극인,한국,name+nationality
데이터수정!30064,유치진,연극인,한국,name+nationality
데이터수정!30065,유치진,연극인,한국,name+nationality
데이터수정!32641,이마이 켄지,건축가,일본,name+nationality
데이터수정!32642,이마이 켄지,건축가,일본,name+nationality
데이터수정!32643,이마이 켄지,건축가,일본,name+nationality
데이터수정!32644,이마이 켄지,건축가,일본,name+nationality
데이터수정!32645,이마이 켄지,건축가,일본,name+nationality
데이터수정!32646,이마이 켄지,건축가,일본,name+nationality
데이터수정!33372,이선희,,한국,name+nationality
데이터수정!33374,이선희,,한국,name+nationality
데이터수정!33375,이선희,,한국,name+nationality
데이터수정!33376,이선희,,한국,name+nationality
데이터수정!33377,이선희,,한국,name+nationality
데이터수정!33378,이선희,,한국,name+nationality
데이터수정!33379,이선희,,한국,name+nationality
데이터수정!33380,이선희,,한국,name+nationality
데이터수정!33381,이선희,,한국,name+nationality
데이터수정!33384,이선희,,한국,name+nationality
데이터수정!33829,이인영,,한국,name+nationality
데이터수정!33881,이일,문인,한국,name+nationality
데이터수정!36186,자후,,한국,name+nationality
데이터수정!36187,자후,,한국,name+nationality
데이터수정!36188,자후,,한국,name+nationality
데이터수정!36189,자후,,한국,name+nationality
데이터수정!36190,자후,,한국,name+nationality
데이터수정!36191,자후,,한국,name+nationality
데이터수정!36192,자후,,한국,name+nationality
데이터수정!36193,자후,,한국,name+nationality
데이터수정!36194,자후,,한국,name+nationality
데이터수정!36195,자후,,한국,name+nationality
데이터수정!36196,자후,,한국,name+nationality
데이터수정!36197,자후,,한국,name+nationality
데이터수정!36198,자후,,한국,name+nationality
데이터수정!36199,자후,,한국,name+nationality
데이터수정!36200,자후,,한국,name+nationality
데이터수정!36201,자후,,한국,name+nationality
데이터수정!36978,장하,,한국,name+nationality
데이터수정!36980,장하,,한국,name+nationality
데이터수정!37094,재갑,,한국,name+nationality
데이터수정!37225,재훈,,한국,name+nationality
데이터수정!37232,재훈,,한국,name+nationality
데이터수정!38469,정세권,,한국,name+nationality
데이터수정!38725,정윤용,,한국,name+nationality
데이터수정!38726,정윤용,,한국,name+nationality
